;;;N°max Story ds ancien BL 0805;;;;;;;;;;;;;;;;;;"finLigne"
;;;prochain N° story = 1129;;;;;;;;;;;;;;;;;;"finLigne"
;;;;;;25/12/14;;;;;;;"autre";;;;;;;;"finLigne"
"num";"It.";"Type";"Dm1 - Lot";"Prio";"En tant que";"Story métier : Je veux…";"afin que/de…";"Référent";"Critères d'acceptation 
(résumé simple ds colonne + ds fitnesse)";"Notes / Questions";"Composant";"charge story 
total charge";"calcul charge Team 
total team du BL";"Team soustraitée total charge sous-traité";"Dépendance";"lien fitnesse";"suivi PO (RAF …)";"Version engagée";"Date de MEP";"Vélocité";"finLigne"
;1;"délégué";;25/12/14;;"ITERATION 01 du 25/12 au 08/01";;" ";;;;22;22;0;;;0;;;"15 pcx";"finLigne"
1100;1;"Story";"DM1 14-089 - Demenagement avec acquisition mobile";;;"Permettre le déménagement de RTC ou HOME vers OPEN avec acquisition d'une ligne mobile :
- modification des conditions d'affichages du bloc de facturation dans l'étape ""validation de la commande""
- Proposer l'ancienne adresse d'installation ou la nouvelle adresse d'installation";;"Christophe";;"- proposer l'adresse principale au lieu de l'ancienne adresse d'installation --> en attente d'un mlacro chiffrage DEV --> ne change rien au macro chiffrage initial";;8;8;;;"http://dvdsi400w.intranet-paris.francetelecom.fr:8083/FrontPage.SoftHome.ChoixAdresseFacturation";;;;;"finLigne"
1110;1;"Story";"Perform";;;"Récupérer l'adresse de facturation mobile sur les parcours CONVERGENT , MULTI-EQUIPEMENTS et MOBILE et la véhiculer dans le CCO";"avoir systématiquement une adresse de facturation mobile dans le CCO en cas de commande envoyée à la VAD";"Didier";"Dans tous les parcours concernant le mobile (""mobile"", milti-équipements"" ou ""convergent""
Si on est sur un client déjà mobile, l
- e CCO doit comporter une adresse de FACTURATION (mobile) redressee au format Mediaposte
Si on est sur un nouveau client mobile
- idem sauf pour le cas de guideline Poc-D MOBIL
Vérifier surtout qu'en guideline Poc-D QUAD avec un clent déjà Open
- on a bien une adresse de FACTURATION récupérée du SI mobile";"il est important 
- d'initialiser les infos d'adresse de facturation à l'accueil
- d'éventuellement les modifier dans le bloc de choix de l'adresse de facturation
- de générer systématiquement une adresse de facturation dans le CCO si l'adresse de facturation est renseignée";;8;8;;;"http://dvdsi400w.intranet-paris.francetelecom.fr:8083/FrontPage.SoftHome.InitialisationAdresseFacturationMobile

http://dvdsi400w.intranet-paris.francetelecom.fr:8083/FrontPage.SoftHome.ChoixAdresseFacturation

http://dvdsi400w.intranet-paris.francetelecom.fr:8083/FrontPage.SoftHome.ValidationCommande";;;;;"finLigne"
1101;1;"Story";"DM1 14-089 - Demenagement avec acquisition mobile";;;"Permettre le déménagement de RTC ou HOME vers OPEN avec acquisition d'une ligne mobile :
- Mise à jour du flag legacyMoveBillingAdressSimult";;"Christophe";;;;3;3;;;"http://dvdsi400w.intranet-paris.francetelecom.fr:8083/FrontPage.SoftHome.ChoixAdresseFacturation";;;;;"finLigne"
1111;1;"Story";"Perform";;;"Gestion des offres agendées Mobile => Convegent
-Report C15";"Modif RG1.12 pour ajouter le critère de connexion ""via Rforce""
Modif RG1bis.9 et RG1bis.10 pour bloquer une opération";"Xavier";;;;3;3;;;"http://dvdsi400w.intranet-paris.francetelecom.fr:8083/FrontPage.SoftHome.CasnonOpSoftnonRedirect
http://dvdsi400w.intranet-paris.francetelecom.fr:8083/FrontPage.SoftHome.CasnonSoftnonRedirect";;"C15";;;"finLigne"
"#";2;"it.";;08/01/15;;"ITERATION 02 du 08/01 au 22/01";;" ";;;;22;22;0;;;0;;"MEP 17/02";"27 pcx";"finLigne"
1090;2;"Story";"DM1 14-089 - Demenagement avec acquisition mobile";;;"Permettre le déménagement de RTC ou HOME vers OPEN avec acquisition d'une ligne mobile :
- Supprimer le bloc de modification d'adresse de facturation mobile dans l'étape ""création de ligne""";;"Christophe";"Lors d'un déménagement vers OPEN avec acquisition d'une nouvelle ligne mobile sur le canal du service client (700), je ne veux plus voir apparaitre le bloc du choix de l'adresse de facturation mobile dans l'étape ""création de ligne"".";;;8;8;;;"http://dvdsi400w.intranet-paris.francetelecom.fr:8083/FrontPage.PriseCommandeQuad.GestionDemOpenAdrFacturationMobileSimultaneeSiCboEtGuidelinePocD";;;;;"finLigne"
1109;2;"Story";"DM1 14-089 - Demenagement avec acquisition mobile";;;"Déménagement intra-DR: afficher le bloc des données signalitiques pour un cas de déménagement Open avec Acq Mobil";;"Christophe";"Lors d'un déménagement vers OPEN avec acquisition d'une nouvelle ligne mobile sur le canal du service client (700), je veux pouvoir saisir les données signalétiques du client dans l'étape ""création de ligne"".";;;3;3;;;"http://dvdsi400w.intranet-paris.francetelecom.fr:8083/FrontPage.SoftHome.CreationClientLigneCompte";;;;;"finLigne"
1113;2;"Story";"DM1 14-089 - Demenagement avec acquisition mobile";;;"Déménagement intra-DR: - Ne pas déporter (afficher) le numéro de contact dans l’écran « Déménagement de la ligne : Compléments pour l'installation » (où se trouvent la date d'emménagement souhaité) ";;"Christophe";"Lors d'un déménagement vers OPEN avec acquisition d'une nouvelle ligne mobile en intra-DR sur le canal du service client (700), je ne veux plus voir apparaitre le numéro de contact sur l'écran de ""choix des dates de déménagement"".";;;3;3;;;"http://dvdsi400w.intranet-paris.francetelecom.fr:8083/FrontPage.SoftHome.CreationClientLigneCompte";;;;;"finLigne"
1102;2;"Story";"DM1 14-089 - Demenagement avec acquisition mobile";;;"Permettre le déménagement de RTC ou HOME vers OPEN avec acquisition d'une ligne mobile :
- mettre un message de warning dans le bloc de facturation dans l'étape ""validation de la commande""";;"Christophe";"Lors d'un déménagement vers OPEN avec acquisition d'une nouvelle ligne mobile en intra-DR sur le canal du service client (700) et avec le droit ""AffichageBlocFacturationMobile"", je veux voir un message de warning sur le bloc de changement d'adresse de facturation mobile sur ""l'écran de validation de la commande"".";;;3;3;;;"http://dvdsi400w.intranet-paris.francetelecom.fr:8083/FrontPage.SoftHome.ChoixAdresseFacturation";;;;;"finLigne"
1112;2;"Story";"DM1 14-089 - Demenagement avec acquisition mobile";;;"Déménagement intra-DR: Griser certains champs de l'écran";;"Christophe";"Lors d'un déménagement vers OPEN avec acquisition d'une nouvelle ligne mobile (hors DEM vers FIBRE) sur le canal du service client (700), je veux voir les données suivantes grisées :
- Civilité, Nom, Prénom.
et les données N° de contact et départemetn de naissance à saisir";;;3;3;;;"http://dvdsi400w.intranet-paris.francetelecom.fr:8083/FrontPage.SoftHome.CreationClientLigneCompte
http://dvdsi400w.intranet-paris.francetelecom.fr:8083/FrontPage.SoftHome.InformationsComplementairesPourFrodon";;;;;"finLigne"
1103;2;"Story";"DM1 14-089 - Demenagement avec acquisition mobile";;;"Permettre le déménagement de RTC ou HOME vers OPEN avec acquisition d'une ligne mobile :
- suppression du switch ""mode.removeMobileAddressSubstitution""";;"Christophe";"Lors de la suppression du switch, je ne veux pas de régression sur le parcours de déménagement avec migration mobile vers OPEN";;;2;2;;;"http://dvdsi400w.intranet-paris.francetelecom.fr:8083/FrontPage.PriseCommandeQuad.GestionDemOpenAdrFacturationMobileSimultaneeSiCboEtGuidelinePocD";;;;" ";"finLigne"
"#";3;"it.";;22/01/15;;"ITERATION 03 du 22/01 au 05/02";;" ";;;;32;32;0;;;0;;;"35 pcx";"finLigne"
964;3;"Story";"FSCA parcours Lot3 Bis: Migration et acquisition fibre sur formulaire (lot1A)";"S";;"gérer les comptes de facturation pour les cas formulaire avec contrat cible Fibre New/Open Fibre New et la reprise d'acquisition NA vers Fibre New/Open Fibre New en N2
STORY N2 DELEGUEE";;"Zakia/Niels";"cas 1 : acq RTC vers Fibre New en N2 + réponse OK du createBillingAccount + changement moyen de paiement : vérifier à la validation de la commande :
1/ appel createBillingAccount pour création compte 02G 
2/ appel de updateBillingAccount avec id compte 02G créé
3/ génération CC0 V0 avec BillingAccount de type 02G avec id compte 02G créé + legacycreateBillingAccount à true avec données de paiement
'cas 2 : migration ADSL vers Fibre New en N2 + réponse OK du createBillingAccount + saisie moyen de paiement : vérifier à la validation de la commande :
1/ appel createBillingAccount pour création compte 02G 
2/ appel de updateBillingAccount
3/génération CC0 V0 avec BillingAccount de type 02G avec id compte 02G créé + legacycreateBillingAccount à true avec données de paiement maintenu
'cas 3 : reprise de commande d'acquisition NA vers Fibre New + réponse OK du createBillingAccount + saisie moyen de paiement : vérifier à la validation de la commande :
1/ appel createBillingAccount pour création compte 02G 
2/ appel de updateBillingAccount
3/génération CC0 V0 avec BillingAccount de type 02G avec id compte 02G créé + legacycreateBillingAccount à true avec données de paiement maintenu
'cas 4 : déménagement ADSL vers  Fibre New en N2 + réponse KO du createBillingAccount : vérifier à la validation de la commande :
pop up avec message bloquant ""Un problème lors de la création du compte de facturation a été rencontré.\n Nous ne pouvons poursuivre l'enregistrement de votre commande. Il est malheureusement nécessaire d'en reprendre une nouvelle.""+ bouton ""Prendre une nouvelle commande"" ";"cas de gestion formulaire N2 : acq NA vers FibreNew/Open Fibre New, acq RTC (avec ou sans erreur 103 de Reflet) vers FibreNew/Open Fibre New, migration ADSL vers FibreNew/Open Fibre New, déménagement ADSL vers FibreNew/Open Fibre New, reprise de commande d'acquisition NA vers Fibre New/Open Fibre New
Etape Pilotage Client/Ligne/Compte
vérifier nouveau compte 02G positionné comme compte de la commande pour ces cas
Etape Validation Commande
1/ vérifier appel ws createBillingAccount pour créer nouveau compte 02G (cf RG fitnesse)
2/ si besoin d'appeler updateBillingAccount, vérifier appel avec le bon id de compte 02G créé
3/ vérifier génération CCO V0 avec le bon id de compte 02G créé
4/vérifier en cas d'echec de createBillingAccount messsage bloquant + bouton ""Prendre une nouvelle commande"" ";"Soft";13;13;;;"http://dvdsi400w.intranet-paris.francetelecom.fr:8083/FrontPage.SoftHome.DeterminationComptesCommande
http://dvdsi400w.intranet-paris.francetelecom.fr:8083/FrontPage.SoftHome.EnchainementWsValidationCde";;;;" ";"finLigne"
1119;3;"Story";"Mon débit Lot 2";;;"Supprimer le bouton ""Débit maximal""
Regrouper les messages informatifs de la configuration dans un seul cadre.";;"Julien/Mathieu";"Lors du choix de l'offre, il n'est plus possible de connaître le débit maximal en cliquant sur le bouton ""Débit Maximal"". Le bouton n'apparait plus.
Les messages informatifs de la configuration sont regroupés dans un seul cadre.";;;8;8;;;"http://dvdsi400w.intranet-paris.francetelecom.fr:8083/FrontPage.SoftHome.AffichageDesContrats
http://dvdsi400w.intranet-paris.francetelecom.fr:8083/FrontPage.SoftHome.ConfigurateurGestionEntete";;;;" ";"finLigne"
1120;3;"Story";"Mon débit Lot 2";;;"Afficher les fourchettes de débit xDSL dans un tableau au choix d'offre et à la configuration.";;"Julien/Mathieu";"Les fourchettes de débit xDSL sont regroupées dans un tableau. Le picto VDSL est renommé VDSL2.";;;3;3;;;"http://dvdsi400w.intranet-paris.francetelecom.fr:8083/FrontPage.SoftHome.AffichageDesContrats";;;;;"finLigne"
1126;3;"Story";"14S021 - Loi conso";;"vendeur";"le recueil de consentement loi conso soit affiché uniquement pour les clients du marché résidentiel";"ne pas communiquer une info qui ne les concerne pas aux clients professionnels";"Patrick Mathieu";"commande d'acquisition en service client d'une offre R arrivée à l'écran récapitulatif de commande.
client segment de marché R ou S affichage du message loi conso
client segment de marche différent de R ou S pas de message 
commande d'acquisition en service client d'une offre P  arrivée à l'écran récapitulatif de commande.
client segment de marché R ou S affichage du message loi conso
client segment de marche différent de R ou S pas de message ";"A Reporter en C2
écran récapitulatif de commande - bloc loi conso - modifier la condition d'affichage du message de recueil de consentement (RG4.1)";"SOFT";3;3;;;"http://dvdsi400w.intranet-paris.francetelecom.fr:8083/FrontPage.SoftHome.AfficherRevueDeContrat";;"Report C2";;;"finLigne"
1124;3;"Story";"Retour prod";;;"Ecran d'accueil pour PAP: ajout des critères Mobile en choix convergent (DroitPOCDHommeConvergent)
+ Report C15-C2";;"Xavier";"En choix convergent, via POCD, sans catalogue (paramètre d'URL) et pour les canaux ayant le droitPocdHomeConvergent (PAP seulement), avoir la possibilité de faire :
- double acquisition => Open
- double migration => Open
- acq MS + migration Mobile => Open
- migration MS + acq Mobile => Open
- saisir un AID Bss
- saisir un Email
";;;5;5;;;"http://dvdsi400w.intranet-paris.francetelecom.fr:8083/FrontPage.SoftHome.ChoixUnivers";;"Report C15 et C2";;;"finLigne"
"#";4;"it.";;05/02/15;;"ITERATION 04 du 05/02 au 19/02";;" ";;;;29;29;0;;;0;;"MEP 17/03";"35 pcx";"finLigne"
1118;4;"Story";"DM1 14-089 - Demenagement avec acquisition mobile";;;"Uniformiser les règles de contrôle de cohérences lors de la recherche par ND /  MSISDN quelque soit le portail d'accès à SOFT sur l'écran d'accueil.";"Simplifier les règles de gestion de l'écran d'accueil SOFT sur la cohérence du ND / MSISDN.";"Christophe";"Pour tous portails, je veux que la commande soit bloquée lorsque :

- le ND dans SOFT est convergent et que le client est en acquisition mobile (envoyé via l'URL ou saisi) (voir RG 1.100)

- le ND dans SOFT est convergent et que le MSISDN est incohérent (warning 1 remontée du FindAndGetCommercialInstalledBase - voir RG1.101)

- le ND dans SOFT est NON convergent et que le MSISDN est OPEN ou SOSH mobiel + LB (ND/MSISDN saisi dans SOFT ou envoyé via une URL - voir RG1.102)

- Blocage à l'écran d'accueil SOFT lors que le client possède une offre NET & UNIK (RG1.105)";"Uniformisation des règles de contrôle de cohérences lors de la recherche par ND /  MSISDN  :
- Création des RG1.100, 1.101, 1.102, 1.103 et 1.104
- Suppression des RG1.19, 1.22, 1.23, 1.902, 1.904, 1.11 et 1.901

RG Net & Unik :
- Suppression des RG 16, 17 et 18
- Création de la RG 1.105";;10;10;;;"http://dvdsi400w.intranet-paris.francetelecom.fr:8083/FrontPage.SoftHome.CasnonSoftnonRedirect";;;;;"finLigne"
1121;4;"Story";"Forfait internationnal OOP";;;"commander un mobile à la VAD avec un forfait inernational";"le niveau de subvention soit en rapport avec mon forfait";"Olivier";"Vérifier que les valeurs de sortie côté SOFT pour envoi à la VAD sont bien:
""OPRTE"" ,
 ""NPRTE""";"le code de Soft soit modifié de manière à intégrer le libellé du label de la property à laquelle est attachée la classification E des différents forfaits mobiles qui lui sont associés dans le carde d'une acquisition ou d'un PRT d'une OOP.";"SOFT
Catalogue";8;8;;"ctalogue 703";"http://dvdsi400w.intranet-paris.francetelecom.fr:8083/FrontPage.SoftHome.AccesPrtVad";;;;;"finLigne"
1122;4;"Story";"MIB4";;;"Tests catalogue";;"Didier";;;;3;3;;;;;;;;"finLigne"
"H1601";4;"Story";"DM1_13_095_suppression getcustomer 

STORY DELEGUEE QUAD ";;;"supprimer l'appel du GetCustomer sur certains parcours via Frodon avec contrat source ou contrat cible Fibre";"cet appel est inutile dans certains cas";"Zakia
Mathieu";"Attention pour la qualif : tests 3 à 3 (Soft / Façade / Parsifal) à prévoir + non régression. Les commandes ne doivent pas être rejetées par Parsifal

Cas 1) : migration d'une livebox zen sans abo vers une livebox zen Fibre

Cas 2) : déménagement intra DR d'une livebox zen Fibre (old) vers livebox zen fibre New (FSCA) : 

Vérifier dans les 2 cas :
-  A l'étape création de la ligne que l'appel du GetCustomer (via ID Frégate et code DR) n'est pas effectué 
- Dans le CCO V0 que le BOID présent dans le parc se retrouve dans le champs holder.partyID
";"Contexte :  Parcours via Frodon (valable pour tous les contrats  Fibre  : Fibre Old, Fibre New,Open Fibre Old ET Open Fibre New) : 
1/*Migration Adsl vers Fibre 
  * appel au Getcustomer à  enlever
*Déménagements Adsl vers Fibre ou Fibre vers ADSL ou Fibre vers Fibre
 *intra-DR appel au Getcustomer à enlever
 * extra-DR, appel au GetCustomer à maintenir
2/ pour les cas où le getCustomer est supprimé, désigner le BOID du parc comme le BOID de la commande";"Soft";8;8;;;"http://dvdsi400w.intranet-paris.francetelecom.fr:8083/FrontPage.SoftHome.CreationClientLigneCompte";;;;;"finLigne"
"#";5;"it.";;19/02/15;;"ITERATION 05 du 19/02 au 05/03";;" ";;;;41;41;0;;;0;;;"35 pcx";"finLigne"
1091;5;"Story";"Perco";;;"Intégration des TS de février";;"Julien/Frédéric";;;;13;13;;;;;;;;"finLigne"
1085;5;"Story";"DM1 15-XX Perform Lot 1B";;"client";"PERFORM -
voir la mensualité d'étalement Perform dans la revue de commande imprimée en boutique ou reçue par mail";"l'énumération des services payant soit cohérente avec le montant total d'abonnement";"Patrick";"prise de commande d'une acquisition ou migration Open avec souscription d'un terminal mobile en étalementde paiement

Vérifications : 
En boutique (POCD) connecté à SANTOS la mensualité d'étalement apparait sous le nom du mobile souscrit dans la rubrique ""vos équipements"" de la section ""depuis votre mobile"" du pdf de la revue de commande 
santos mocké il doit y avoir deux instance du champ ""MaterielMobile"" une avec le nom du mobile suivi d'une avec la mensualité d'étalement.

En service client connecté à SCRIBE la mensualité d'étalement apparait dans la rubrique ""vos équipements"" de la section ""depuis votre mobile"" du mail de la revue de commande sous le nom du mobile souscrit.
Si SCRIBE est bouchonné le champ ""content33"" contien les deux informations séparées par le caractère ""pipe"" =>  <nomdumobile>|<mensualite_etalement>";"SOFT écran récapitulatif de commande commande avec étalement mobile en boutique ou en service client
SANTOS
créer une règle de valorisation du mobile souscrit dans le champ ""MaterielMobile""
créer une règle de valorisation d'une 2ème instance du champ ""MaterielMobile"" pour la mensualité d'étalement (concaténation spécifique)
SCRIBE
créer une règle de valorisation de la mensualité d'étalement pour la revue de commande SCRIBE (concaténé avec le libellé du terminal dans le champ content33 séparé par caractère ""pipe"")
Le libellé de la mensualité d'étalement fait l'objet d'une concaténation spécifique identique à la concaténation SANTOS";"Soft
catalogue";8;8;;"C553";"
http://dvdsi400w.intranet-paris.francetelecom.fr:8083/FrontPage.SoftHome.GenererImprimerContrat

http://dvdsi400w.intranet-paris.francetelecom.fr:8083/FrontPage.SoftHome.EnvoyerMailRevueCommande";;;;;"finLigne"
1123;5;"Story";"DM1 15-XX Perform Lot 1B";;"client";"PERFORM
restituer qu'il s'agit de l'apport initial pour les frais d'acquisition du terminal mobile dans la revue de commande";"d'éviter les confusion avec le prix comptant du terminal mobile";"Patrick";"exemple de resitution

• DORO PHONE EASY 621 GRAPHITE CU à 19.90 € TTC (apport initial)";"écran récapitulatif de commande en boutique ou étape validatin de la commande en service client
créer une règle de concaténation spécifique quand les frais correspondent à un terminal mobile en contexte  PERFORM
1) pour le flux SANTOS ""contrat""
2) pour le flux  SCRIBE";"SOFT";5;5;;;"
http://dvdsi400w.intranet-paris.francetelecom.fr:8083/FrontPage.SoftHome.GenererImprimerContrat

http://dvdsi400w.intranet-paris.francetelecom.fr:8083/FrontPage.SoftHome.EnvoyerMailRevueCommande";;;;;"finLigne"
1095;5;"Story";"DM1 15-XX Perform Lot 1B";;;"Perform - Lot 1B - Ouverture de parcours
POCD (Convergent)
Ouverture des parcours de Modification (partie MS uniquement, et d'acquisition de Terminal pour un client ayant créé un dossier mobile il y a moins de 30 jours
+ Suppression RG5.34
+ Ajout d'un message aux RG1bis.9, RG1bis.10 et RG1bis.11";"un client ayant créé un dossier mobile il y a moins de 30 jours puisse faire un parcours de modif (MS uniquement), de déménagement iso-offre (MS uniquement) ou une commande de terminal Perform";"Xavier/Stéphanie";"Via POCD Convergent, pour un client convergent créé il y a moins de 30 jours et éligible à Perform, voir à l'accueil:
- le message + consigne définit dans la RG1bis.12
- l'opération Acquérir/Changer de Terminal
- l'opération Modifier l'offre actuelle (pas de décrochage vers IODA après le configurateur)
- l'opération Déménagement iso-offre (pas de décrochage vers IODA après le configurateur)

Via POCD Convergent, pour un client convergent créé il y a moins de 30 jours et non éligible à Perform, voir à l'accueil:
- le message + consigne définit dans la RG1bis.12
- l'opération Modifier l'offre actuelle (pas de décrochage vers IODA après le configurateur)
- l'opération Déménagement iso-offre (pas de décrochage vers IODA après le configurateur)

En choix Mobile ou Convergent, pour un client ayant un changement d'offre en cours sur la partie Mobile, voir à l'accueil la bonne consigne (RG1bis.9, RG1bis.10 et RG1bis.11)";"Suppression RG1.911 : blocage en POCD QUAD
Création RG1bis.12 (avec gestion d’un message) pour ouvrir les opérations Modifier, Déménager et Terminal seul (Convergent)
Suppression RG5.34
Ajout d'un message aux RG1bis.9, RG1bis.10 et RG1bis.11
";;5;5;;;"RG1: http://dvdsi400w.intranet-paris.francetelecom.fr:8083/FrontPage.SoftHome.CasnonSoftnonRedirect
RG1bis: http://dvdsi400w.intranet-paris.francetelecom.fr:8083/FrontPage.SoftHome.CasnonOpSoftnonRedirect
RG5: http://dvdsi400w.intranet-paris.francetelecom.fr:8083/FrontPage.SoftHome.CasSoftavecMessages";;;;;"finLigne"
1117;5;"Story";"DM1 15-XX Perform Lot 1B";;;"Perform - Lot 1B - Ne pas effectuer la deuxième DA IPAY :
- Si Paiement d'un terminal avec étalement, client < 4 mois et homologué
- Si Paiement d'un terminal avec étalement, client > 4 mois 
- Si Paiement d'un terminal avec étalement, client en recouvrement ";"Puisque dans ces cas, la DA ne peut pas être récupérée";"Xavier";"IHM si client < 4 mois et homologué pour un paiement de Terminal avec étalement (TEL, FID, CTC, 700, OFP): 
- ne pas voir la ligne ""Montant différentiel"" et le montant calculé ainsi que le picto et le message infobulle
- ne pas voir la checkbox et le message informatif (j'ai bien informé mon client…) concernant le montant différentiel
- ne rien voir concernant le montant différentiel dans le CCO (filière 2D)
=> idem paiement comptant

IHM si client > 4 mois pour un paiement de Terminal avec étalement (TEL, FID, CTC, 700, OFP): 
- ne pas voir la ligne ""Montant différentiel"" et le montant calculé ainsi que le picto et le message infobulle
- ne pas voir la checkbox et le message informatif (j'ai bien informé mon client…) concernant le montant différentiel
- ne rien voir concernant le montant différentiel dans le CCO (filière 2D)
=> idem paiement comptant

IHM client en recouvrement pour un paiement de Terminal avec étalement (700, OFP uniquement): 
- ne pas voir la ligne ""Montant différentiel"" et le montant calculé ainsi que le picto et le message infobulle
- ne pas voir la checkbox et le message informatif (j'ai bien informé mon client…) concernant le montant différentiel
- ne rien voir concernant le montant différentiel dans le CCO (filière 2D)
=> idem paiement comptant";;;5;5;;;"http://dvdsi400w.intranet-paris.francetelecom.fr:8083/FrontPage.SoftHome.PaiementMobile";;;;;"finLigne"
1125;5;"Story";"DM1 15-XX Perform Lot 1B";;;"Perform - Lot 1B - Suivi Commande
Revue des conditions d'affichage du bloc (RG05, RG06, RG07)";;"Xavier";"- En service client, pour tout acte de gestion, voir le champ MSISDN obligatoire et le champ email facultatif. Pas de checkbox
- En choix convergent, pour les cas ci-dessous, voir le champ MSISDN obligatoire et le champ email facultatif. Pas de checkbox:
     - Migration Mobile + Acquisition MS => Convergent
     - Migration Mobile + Client RTC => Convergent
     - Acquisition Mobile + Client RTC => Convergent
     - Double acquisition => Convergent
     - Acquisition Mobile + Déménagement RTC => Convregent
     - Migration Mobile + Déménagement RTC => Convergent
- En choix convergent, pour tous les autres cas de gestion,  voir le champ MSISDN obligatoire et le champ email obligatoire. Pas de checkbox";;;5;5;;;"http://dvdsi400w.intranet-paris.francetelecom.fr:8083/FrontPage.SoftHome.BlocSuiviCommande";;;;;"finLigne"
"#";6;"it.";;05/03/15;;"ITERATION 06 du 05/03 au 19/03";;" ";;;;3;3;0;;;0;;"MEP 14/04";"15 à 20 pcx";"finLigne"
1128;6;"Story";"DM1 15-XX Perform Lot 1B";;;"Perform - Lot 1B - Suivi Commande
que le conseiller boutique revienne valider la commande Soft après l'impression et la signature du contrat, via l'affichage d'un message dans le bloc Contrat Orange. ";"d'envoyer le SO d'étalement dans la commande";"Xavier";"En choix mobile ou convergent, en boutique (POCD, canal BFT, CRE ou POD), pour un parcours de commande de terminal seul, voir afficher le message sous le titre ""Contrat Orange"".
Ne pas voir ce titre dans les autres cas de gestion";"Ecran récapitulatif de commande en point de vente physique
bloc édition du contrat
Ajouter un message en contexte terminal seul (voir maquette)";;3;3;;;"http://dvdsi400w.intranet-paris.francetelecom.fr:8083/FrontPage.SoftHome.GenererImprimerAccordOffreAtomique";;;;;"finLigne"
"#";7;"it.";;19/03/15;;"ITERATION 07 du 19/03 au 02/04";;" ";;;;31;31;0;;;0;;;"35 pcx";"finLigne"
1114;7;"Story";"FemToCell";;;"Sur sélection de l’option FemToCell, faire un appel à la VAD pour réserver un numéro de commande.";;"Xavier";;;;8;8;;;;;;;;"finLigne"
1115;7;"Story";"FemToCell";;;"Sur sélection de l’option FemToCell, faire un appel au getStockLevel pour vérifier le stock + valorisation de l’attribut de stock";;"Xavier";;;;5;5;;;;;;;;"finLigne"
1116;7;"Story";"FemToCell";;;"Ajouter un nouveau bloc « Adresse d’utilisation » du boitier FemToCell »
";"Si nouvelle adresse saisie, la formater par appels RCV
Par défaut = adresse d’installation de la box, proposer le choix d’une autre adresse
";"Xavier";;;;13;13;;;;;;;;"finLigne"
1127;7;"Story";"FemToCell";;;"Sur validation de la commande, enrichir le CCO des LC FemToCell";;"Xavier";;;;5;5;;;;;;;;"finLigne"
"#";8;"it.";;02/04/15;;"ITERATION 08 du 02/04 au 16/04";;" ";;;;0;0;0;;;0;;;"35 pcx";"finLigne"
"#";9;"it.";;16/04/15;;"ITERATION 09 du 16/04 au 30/04";;" ";;;;0;0;0;;;0;;"MEP 27/05";"35 pcx";"finLigne"
"#";10;"it.";;30/04/15;;"ITERATION 10 du 30/04 au 14/05";;" ";;;;0;0;0;;;0;;;"15 à 20 pcx";"finLigne"
"#";11;"it.";;14/05/15;;"ITERATION 11 du 14/05 au 28/05";;" ";;;;0;0;0;;;0;;"MEP 23/06";;"finLigne"
"#";12;"it.";;28/05/15;;"ITERATION 12 du 28/05 au 11/06";;" ";;;;0;0;0;;;0;;;;"finLigne"
"#";13;"it.";;11/06/15;;"ITERATION 13 du 11/06 au 25/06";;" ";;;;0;0;0;;;0;;"MEP 21/07";;"finLigne"
"#";14;"it.";;25/06/15;;"ITERATION 14 du 25/06 au 09/07";;" ";;;;0;0;0;;;0;;;;"finLigne"
"#";15;"it.";;09/07/15;;"ITERATION 15 du 09/07 au 23/07";;" ";"Faire un test ko avec ancienneté = 1 mois (la promotion ne doit pas être pésente dans le configuateur)";;;0;0;0;;;0;;;;"finLigne"
"#";16;"it.";;23/07/15;"G2R7 IT1";"ITERATION 16 du 23/07 au 06/08";;" ";;;;0;0;0;;;0;;;;"finLigne"
"#";"xx";"it.";;"pas de N° itération";"G2R7 IT2";"ITERATION xx";;" ";;;;8;8;0;;;0;;;;"finLigne"
1107;"xx";"Story";"DM1 14-089 - Demenagement avec acquisition mobile";;;"Permettre le déménagement de RTC ou HOME vers OPEN avec acquisition d'une ligne mobile :
- modification de l'indication ""Indiquez si l'adresse de facturation correspond"" dans le bloc ""Adresse de facturation"" de l'écran récap";;"Christophe";;;;3;3;;;;;;;;"finLigne"
1086;"xx";"Story";"Perform";;;"Ne plus faire l'analyse des statut du parc mais récupérer un warning de façade Parc";"Voir avec FACADE la prise en compte";;"à compléter";;;5;5;;;;;;;;"finLigne"
1104;"xx";"Story";"Retour prod";;;"Gérer le parc Mobile lorsque le parc MS est winback";;"Xavier?";;;;;0;;;;;;;;"finLigne"
"#";"à prio récent";"it.";;"pas de N° itération";;"ITERATION à prio récent";;" ";;;;93;55;38;;;0;;;;"finLigne"
1097;"à prio récent";"Story";"Perform";;;"Perform - CR
Modification de 3 libellés de RG1. (MSISDN => numéro de mobile)";;"Xavier";"Voir numéro de mobile pour les RG1,10, 1,22 et 1,24";;;2;2;;;"http://dvdsi400w.intranet-paris.francetelecom.fr:8083/FrontPage.SoftHome.CasnonSoftnonRedirect";;;;;"finLigne"
1094;"à prio récent";"Story";"DM1 15-XX Perform Lot 1B";;;"Perform - Lot 1B - Ouverture de parcours
POCD (Convergent et Mobile)
Ouverture des parcours de Modification, de déménagement et d'acquisition de Terminal pour un client ayant une portabilité entrante";"un client ayant une portabilité entrante puisse faire un parcours de modif (MS uniquement), de déménagement iso-offre (MS uniquement) ou une commande de terminal Perform";"Xavier";;"Suppression RG1.909 : blocage en POCD QUAD
Modification RG1.81 : Ne plus bloquer le cas de portabilité en choix Mobile
Création RG1bis.xx (avec gestion d’un message) pour ouvrir les opérations Modifier, Déménager et Terminal seul (Mobile et Convergent)
";;5;5;;;"RG1: http://dvdsi400w.intranet-paris.francetelecom.fr:8083/FrontPage.SoftHome.CasnonSoftnonRedirect
RG1bis: http://dvdsi400w.intranet-paris.francetelecom.fr:8083/FrontPage.SoftHome.CasnonOpSoftnonRedirect
";;;;;"finLigne"
"H1562";"à prio récent";"délégué";"COSI S2D0 (700)";"#N/A";"conseiller 700";"connaitre les correspondances sur ajout d'option mobiles qui ne seront pas envoyées

Maquette à confirmer
à reporter BL Open";"d'informer le client et appliquer les consignes métier pour que les documents soient réenvoyés";;;"Ecran confirmation de commande

modifier la présentation du message associé aux KO SCRIBE
présentation sous forme d'une liste des envois ko pour la revue de commande et pour chaque option concernée (voir maquette)
Q : ";"Soft";5;5;;;;;;;;"finLigne"
1033;"à prio récent";"Story";"Perform";;;"CR pro
indiquer dans le CCO sur les commandes mobile que le client est pro";"ne pas provoquer de KO lors de l'appel à la VAD en Service client en attendant un refonte de la gestion du holder sur les commande mobile";"Stéphanie";"vérifier l'alimentation du CCO pour un PPP :

holder.legacyPartyInfo.civility civilité du tiers : à valoriser par la civilité du tiers titulaire de la commande
holder.legacyPartyInfo.lastName nom du tiers : à valoriser par le nom du tiers titulaire de la commande
holder.legacyPartyInfo.firstName prénom du tiers : à valoriser par le prénom du tiers titulaire de la commande
holder.partyType typologie du tiers : à valoriser par la typologie du tiers titulaire de la commande = ""Person""
holder.legacyPartyInfo.marketSegment segment de marché du tiers : à valoriser par le segment de marché du tiers titulaire de la commande = ""Professional""
holder.legacyPartyInfo.siret siret du tiers : à valoriser par le siret du tiers titulaire de la commande
holder.legacyPartyInfo.isProfessional indique que le titulaire du contrat cible est une personne physique professionnelle = true


vérifier l'alimentation du CCO pour un PPP :

holder.legacyPartyInfo.socialReason raison sociale du tiers : à valoriser par la raison sociale du tiers titulaire de la commande
holder.partyType typologie du tiers : à valoriser par la typologie du tiers titulaire de la commande = «Organization»
holder. legacyPartyInfo.marketSegment segment de marché du tiers : à valoriser par le segment de marché du tiers titulaire de la commande = Professional»
holder.legacyPartyInfo.siret siret du tiers : à valoriser par le siret du tiers titulaire de la commande
";;;;;;;;;;;;"finLigne"
1036;"à prio récent";"Story";"Perform";;;"CR pro
Parcours mobile pur : proposer les prix HT pour les pro";;;;"écrans concernés : panier; popup choix terminal; configurateur, récap configuration
gestion dans ipay : HT ou TTC; dans le CCO et pour la VAD : HT ou TTC
désactivation  du bloc contact pro (utile seulement pour Parsifal)
acq Na mobile : ajouter choix typologie ?
impact avec les parcours formulaire pro pour ne pas les activer
désactivation de la synthèse ""pro"" pour mercure dans l'écran de récap de la commande
impact documents";;;;;;;;;;;"finLigne"
1063;"à prio récent";"Story";"14-XXX PCM AVANTAGEUX";"S.O.";;"Mettre un picto PCM AVANTAGEUX sur retour du FAGLA avec un id = 10";"A confirmer - en attente budget";"Christophe";;"
Q : ";"Soft";2;2;;;;;;;;"finLigne"
0987;"à prio récent";"Story";"Perform";;;"Perform - CR clé lettrage
Transmettre les codes agence/code enseigne à Cormoran
Intégration wsdl CCO v4 + alimentation des champs";"En attente de la wsdl CCO (v4)";"Xavier";;;"Soft";5;;;;;;;;;"finLigne"
1008;"à prio récent";"Story";"Perform";;;"Divers : renommage de 5 classifications
Remplacer 
- C_PLAY_MOBILE par C_PLAY_MOBILE_DISE
- C_PLAY_MOBILE_QUAD par C_PLAY_MOBILE_ADV
- CLASSIF_PLAY_VOIP par C_PLAY_VOIP
- CLASSIF_PLAY_TELEVISION par C_PLAY_TELEVISION
- CLASSIF_PLAY_INTERNET par C_PLAY_INTERNET";"quand le catalogue contenat les 5 nouvelles classifications sera en PROD";"Didier";;;"Soft
FACADE
CATALOGUE";5;3;;"Catalogue 364";;;;;;"finLigne"
0960;"à prio récent";;"Perform";;;"guideline MOBIL / OPEN multi-lignes
En cas de migration vers un forfait OPEML ou d'acquisition d'un forfait OPEML
- proposer le bloc de saisie du MSISDN du contrat proincipal et remonter le parc correspondant";"Il s'agit de reprendre ce qui est fait dans l'actuelle guideline OPEML ";"Didier";;;"Soft";5;;;;"http://dvdsi400w.intranet-paris.francetelecom.fr:8083/FrontPage.PriseCommandeQuad.AccueilGuidelineOpenMultiMobileDataViaPocD";;;;;"finLigne"
0961;"à prio récent";;"Perform";;;"guideline MOBIL / OPEN multi-lignes
Détermination de l'action demandée
- acquistion OPEML (si nouvelle ligne)
- migration vers OPEML (si forfait en parc non OPEML)
- migration intra-gamme (si forfait en parc déjà OPEML)
contrôles d'éligibilité";"Il s'agit de reprendre et d'adapter ce qui est fait dans l'actuelle guideline OPEML";"Didier";;;"Soft";13;;;;;;;;;"finLigne"
0962;"à prio récent";;"Perform";;;"guideline MOBIL / OPEN multi-lignes
Acquistion OPEML (si nouvelle ligne)
- intégrer les 2 questions concernant les titulaires et la facturation";"Il s'agit de reprendre ce qui est fait dans l'actuelle guideline OPEML";"Didier";;;"Soft";8;;;;;;;;;"finLigne"
0963;"à prio récent";;"Perform";;;"guideline MOBIL / OPEN multi-lignes
Alimentation d'AGC";"Il s'agit de reprendre ce qui est fait dans l'actuelle guideline OPEML";"Didier";;;"Soft";5;;;;;;;;;"finLigne"
0955;"à prio récent";"Story";"Referentiel OPS";"S.O.";;"Perform injecteur
Dans le cas de l'injection d'une commande avec une oc convergente avec droitModelisationOpsMobile chercher la VF présente dans la trame et la convertir en VPC via l'api kernel pour transformer la VF en VPC";"Qualif uniquement
afin de la prendre en compte dans le choix de l'offre";"Philippe/Didier/Carole";"A décaler pour tests?";"
Q : déjà pris en compte
faire maj Fitness";"Soft";0;0;;;;;;;;"finLigne"
1014;"à prio récent";;"Perform";;;"RCS boutique - terminal seul en SOFT/IODA/SOFT";;;;;"Soft";;;;;;;;;;"finLigne"
1053;"à prio récent";"Story";"14S068 - COSI-Ravitailleur utilisation adresse mail au 700";;"Vendeur au 700
 en mode COSI";"Répercuter l'adresse mail de contact reçue de Chorus dans les IHM et dans la commande. L'adresse mail provient du référentiel Cliper et sert à alimenter la facture électronique, l'essentiel de ma commande et le suivi de commande";"afin de n'avoir qu'une seule adresse mail de contact pour toutes les correspondances client";"Mathieu";;"Dépendance story catalogue N° xxx (à définir)";;13;13;;;;;;;;"finLigne"
1052;"à prio récent";"Story";"Perform";;;"Perform - CR filtrage des offres
Intégration d'une nouvelle version kernel
Ajout du paramètre codeEnseigne dans les requêtes du getEligibleOffersForMigration et du getEligibleContractsForAcquisition";"Dépendance ICON. Sotry 1547";"Didier";;;"SOFT
ICON 1457";5;5;;;"http://dvdsi400w.intranet-paris.francetelecom.fr:8083/FrontPage.SoftHome.AffichageDesContratsOps";;;;;"finLigne"
1015;"à prio récent";"Story";"Perform";;;"Provision retours QPM";;;;;;20;20;;;;;;;;"finLigne"
1041;;;;;;"Nettoyage du switch switch : mode.disablePOCDAcqMobil mis en place dans la story 1039";;;;;;;;;;;;;;;"finLigne"
"#";"à prio";"it.";;"pas de N° itération";;"ITERATION à prio";;" ";;;;246;246;0;;;0;;;;"finLigne"
1004;"à prio";;"Perform";;;"Perform:
En commande de Terminal seul, en canal distant, ne pas présenter le bloc Contrat Orange à l'écran de récap";"Aucun contrat à envoyer ou à imprimer";"Xavier";;"A confirmer";;3;3;;;"http://dvdsi400w.intranet-paris.francetelecom.fr:8083/FrontPage.SoftHome.AfficherRevueDeContrat";;;;;"finLigne"
0954;"à prio";"Story";"COSI C: DM 12-204";"S.O.";;"Maj du message à la validation de la commande sur erreur BDD 10040 et 10039";;"Christophe";;"
Q : ";"Soft";5;5;;;"http://dvdsi400w.intranet-paris.francetelecom.fr:8083/FrontPage.SoftHome.CompteRenduCommande";;;;;"finLigne"
0958;"à prio";"Story";"Retour prod";"S.O.";;"Refactor des filtres liés à l'éligiblité des offres";;"Christophe";;"
Q : ";"Soft";;0;;;;;;;;"finLigne"
0933;"à prio";"Story";"COSI C: DM 12-204";"S.O.";;"Reprendre story 1562 du BL HOME";;;;"
Q : ";"Soft";0;0;;;;;;;;"finLigne"
0906;"à prio";"Story";"DM 13-115 Soft N2 - Pass Cumulables";;;"Pass cumulable : 
renommer la classification C_SO_MOBILE_PONCTUELS en C_SO_MOBILE_CUMULABLE";"renommer la classification C_SO_MOBILE_PONCTUELS en C_SO_MOBILE_CUMULABLE";"Christophe";;;;"1 DEV
3 qualif";;;"catalogue ID 262";"http://dvdsi400w.intranet-paris.francetelecom.fr:8083/FrontPage.SoftHome.AffichageTraitementSpecifique

http://dvdsi400w.intranet-paris.francetelecom.fr:8083/FrontPage.SoftHome.AjoutOffreIdentique";;;;;"finLigne"
831;"à prio";"Story";"COSI C: DM 12-204";;;"Lot 3 -  Liste de ND transmise de CHORUS à SOFT";"Liste de ND transmise de CHORUS à SOFT";"Christophe";;;;5;5;;;"http://dvdsi400w.intranet-paris.francetelecom.fr:8083/FrontPage.SoftHome.AccesViaChorus

http://dvdsi400w.intranet-paris.francetelecom.fr:8083/FrontPage.SoftHome.IdentificationClientParc";;;;;"finLigne"
936;"à prio";"Story";"Perform";;;"Supression du droit securityConfig.DroitEligibilitePaiementTerminal.channels suite à la généralisation de l'éligibilité à Perform";;"Xavier";;;;5;5;;"Q922";"N/A";;;;;"finLigne"
0858;"à prio";"Story";"COSI C: DM 12-204";;;"Permettre l'acquisition FE quand le client possède une Open mais n'a pas de PA";"Permettre l'acquisition FE quand le client possède une Open mais n'a pas de PA";"Christophe";;;;5;5;;;;;;;;"finLigne"
687;"à prio";"Story";"COSI C: DM 12-204";;;"Affichage des SO poussés cachés par OTO";"Afin que les push spécifiques à OTO puissent être mise en avant dans le configurateur";"Christophe";"Rendre visible tous les push OTO dans le configurateur";"story d'Aysel

Pré-requis : projet modélisation OPS dans OPENCAT
";;3;3;;"ICON";"http://dvdsi400w.intranet-paris.francetelecom.fr:8083/FrontPage.SoftHome.AffichagePushConfigurateur";;;;;"finLigne"
;"Abandonnée";;;;;"Abandonnée";;;;;;;;;;;;;;;"finLigne"
0969;"à prio";"Story";"Perform";;;"Bloquer les parc convergents en Commande Mobile";;;;;;;;;;;;;;;"finLigne"
0975;"à prio";"Story";"Perform";"30/12/99";;"Perform injecteur
intégrer la wsdl du nouveau service VAD. Lors d'une injection en mode VAD, envoyer le flux vers la bonne url en fonction de l'OC cible (via une classification C_OC_VAD_GENERIQUE)";"envoyer le flux vers le bon service VAD";"Carole/Philippe";;"
Q : Necssite un catalogue avec une classif";"Soft";13;13;;;;;;;;"finLigne"
0976;"à prio";"Story";"Perform";"30/12/99";;"Perform Injecteur
Lorsque toutes les injections utiliseront le WS génériques VAD, supprimer la gestion en fonction de la classification et n'appeler que la nouvelle URL";;"Carole/Philippe";;"
Q : a faire lorsque toutes les injections utiliseront le nouveau WS Story de nettoyage";"Soft";3;3;;"a besoin de O876";;;;;;"finLigne"
0955;"à prio";"Story";"COSI C: DM 12-204";"S.O.";;"Mise à jour des messages de l'écran d'accueil lot 3";;"Christophe";;"
Q : ";"Soft";8;8;;;;;;;;"finLigne"
0839;"à prio";"Story";"Amélioration de la GL";"#N/A";;"Impacts sur les parcours COSI où on se sert de la valeur de O_CONTRAT_MOBILE.F_CODE_OT, i faut désormais prendre la valeur installée en lieu et place de la valeur puisque cet attribut peut avoir été mis à jour par ICON
A priori
- getImpactChangementAbonnement
- getServicesOptionnelsPossiblles";;;;"
Q : ";"Soft";13;13;;;;;;;;"finLigne"
771;"à prio";"Story";"RVOI - RGP_5741- DM1 13-028";"P1";;"RVOI : Bloquer la récupération du moyen de paiement lorsque l'ID ADV du parc est différent de celui passé par le portail CHORUS";"de ne récupérer le moyen de paiement que lorsque les données sont en phase";"Philippe";;;;5;5;;"http://dvdsi400w.intranet-paris.francetelecom.fr:8083/FrontPage.SoftHome.ConsultCompteFacturation";;;;;;"finLigne"
0816;"à prio";;"PCM lot 3 : DM 13-XXX";;;"Mise à jour des messages PCM dans l'écran d'accueil";"Mise à jour des messages PCM dans l'écran d'accueil";"Christophe";;"10/02/14: lors du COPROJ New PCM de vendredi 07/02/14, le Métier s'est reposé la question de la necessité de cette évolution (le PCM est effectué depuis ACT dans SOFT qui comporte la dernière version des messages ainsi qu'un indicateur ""éligibilité au PCM OA""). 

Nous sommes donc en attente d'un retour Marketing /Métier PCM (prochain COPROJ vendredi 14/02/2014). 

10/02: Attention aux messages MAJ dans le cadre de COSI et la nouvelle guideline pocd";;5;5;;;;;;;;"finLigne"
0826;"à prio";"Story";"DM1 13-XXX OpenFibre en PAP";"S.O.";;"CCOV4: Non regression";;"Xavier";;"
Q : ";"Soft";0;0;;;;;;;;"finLigne"
806;"à prio";"Story";"Frais changement d'offre (13-016)";;;"Ajouter frais ""fixe"" ou ""variable"" pour les frais de migration";;"Didier";;"vérifier avec JM S si budget OK + à déléguer à N2?";;3;3;;;;;;;;"finLigne"
"!";"à prio";"délégué";"COSI C: DM 12-204";"S.O.";;"Lot 3 -  Acquisition mobile 
Ecran d'accueil Soft à l'arrivée depuis Chorus - cas d'acquisition Open.
Rendre le champ MSISDN non saisissable, et positionner la case à cocher ""acquerir nelle ligne mobile"" à cochée et indecochable. ";;;;"
Q : ";"Soft";13;13;;;;;;;;"finLigne"
813;"à prio";"Story";"Frais changement d'offre (13-016)";;;"Frais de migration
mise en place d'un droit à bypasser le calcul ET le positionnement des frais de migration
droitMigrationMobileSansFrais";;"Didier";;"
Dupliquer les messages PCM";;8;8;;"http://dvdsi400w.intranet-paris.francetelecom.fr:8083/FrontPage.SoftHome.CriteresEligibilite
http://dvdsi400w.intranet-paris.francetelecom.fr:8083/FrontPage.PriseCommandeQuad.QuadLot3.CalculEtAffichageFraisMigration";;;;;;"finLigne"
781;"A prio";"Story";"RVOI - RGP_5741- DM1 13-028";;;"RVOI : permettre la récupération des coordonnées entre l'univers mobile (PER) et l'univers fibre (THD)";"de faciliter un parcours RVOI  OPEN FIBRE vers offre fibre seule";"Philippe";;"A du être corrigé par l'anomalie sur le non affichage du bloc de paiement pour un RVOI avec OC fibre. A confirmer.";;5;5;;"http://dvdsi400w.intranet-paris.francetelecom.fr:8083/FrontPage.SoftHome.OrgaPaiements";;;;;;"finLigne"
0606;"A prio";"Story";"COSI C: DM 12-204";"P2.3";;"Lot2 : Ergonomie (dont Femtocell) - info bulle
Dans le configurateur, afficher un picto à la fin de l'offre si cette offre a la property DESCRIPTION_OFFRE. Ce picto donne accès en roll-over au descriptif de l'offre (contenu de la property)";"Donner l'équivalent de ce qu'il y a sur je ne sais plus quel front Mobile (IODA ou Chorus)
servirait en général pour introduire des offres un peu complexe à comprendre (pack thématique, parution Anonymat, …)";"Didier";700;"21/06 : en attente décision palier pour dégel
15/10: sujet remis à l'odre du jour par le sujet femtocell => en attente palier pour  savoir si priorisé";;8;8;;"http://10.101.12.160:8081/FrontPage.GestionAnnulation.AffichageTraitementSpecifique";0;;;;;"finLigne"
697;"A prio";;"COSI C: DM 12-204";;;"Fact. Électronique: 
- Laisser la possibilité de modifier les éléments en parc quand la FE est déjà mise en parc (1014 et 700)
- vérifier les impacts quand la FE est décochable sur les moyens de paiement (au 700)
";;"Christophe/Didier";;"Rien à faire";;0;0;"Façade";;;;;;;"finLigne"
738;"A prio";;"COSI C: DM 12-204";;;"Lot 1-  Multi-sim: 
en tant que 1014 et 700, permettre l'acquisition d'une CS supplémentaire, je veux pouvoir modifier l'adresse de facturation mobile";;"Christophe/Didier";;"A compléter suite à l'atelier métier du 15/10";;21;21;;;;;;;;"finLigne"
795;"A prio";;"Retour prod";;;"Pour tout contrat ayant des VFs, vérifier la cohérence code OC/VF après remontée de parc via Parsifal.
Si la cohérence est OK, ne rien faire de particulier
Si la cohérence est KO (ex: OC Open ADSL, VF Open Fibre), afficher un message bloquant à l'écran d'accueil.";"éviter des runtimes en production";"Xavier";"Si cohérence OK, ne rien voir de particulier
Si cohérence KO, voir le message affiché à l'écran d'accueil et constater que la commande est bloquée";"en attente de test sur QPM => voir avec Remi si tests validés";;5;5;;"http://dvdsi400w.intranet-paris.francetelecom.fr:8083/FrontPage.SoftHome.CasnonsoftEventuellementRedirect";;;;;;"finLigne"
720;"A prio";"Story";"COSI B: DM 12-063-lot2";"P1";;"Afficher un message d'erreur bloquant lorsque le parc remonté est un Open Fibre (par exemple OC50000000147) et que la VF de déclinaison correspond à une Open ADSL";"de manière à éviter une runtime";"Didier";"Quelque soit l'accès, un message d'erreur bloquant s'affiche dans ce cas";;;5;5;;;0;;;;;"finLigne"
659;"A prio";"Story";"DM 12-211-Projet 4G - évolution parcours";"#N/A";;"Intégration du wsdl de Contrôle de compatibilité";;"Xavier";;"Plus de couverture budgétaire";;21;21;;;;;;;;"finLigne"
652;"A prio";;"OPEN: multilignes et OPEN Data";;;"Mettre à jour le ""chemin de fer"" pour que les opérations soient cohérentes entre l'acquisition et la migration pour les commandes convergentes et les commandes multiligne";;;;;"SOFT";0;0;;;;;;;;"finLigne"
583;"A prio";"Story";"COSI: Etape Open 1014
DM 12-008";;;"Service AS Métier#getServicesOptionnelsPossibles
Actuellement, le seul le paramètre ActivableImmediatement est utilisé par SOFT.
Le paramètre ActivableFacturation est présent mais sa valeur est ""forcée"" à True.
Il faudrait que la valeur de ce paramètre puisse aussi être ""False""
=> Création DTO (contrôle de la nouvelle liste des options activables en date de facturation)
=> Création Soft Option Filter
=> Bi-mode";"toutes les combinaisons d'activation d'un SO soient possibles.
Actuellement: 
- Activable Imm=true + ActivableFac=true => Activation à J, Date ou JFAC.
- Activable Imm=false + ActivableFac=true => Activation à JFAC uniquement.
Manquant:
- Activable Imm=true + ActivableFac=false => Activation à J uniquement.";"Xavier";;"
Option positionnable à J, date de fact ou entre les deux";"Soft";13;13;;"http://dvedv914.intranet-paris.francetelecom.fr:8081/FrontPage.PriseCommandeQuad.QuadLot3.MapperOffresMobilesVersSo";;;;;;"finLigne"
507;"A prio";"Story";"Open 1014/retour exp-compléments";"#N/A";;"Afficher un message bloquant en cas de MSISDN Open transmis par Rforce sans ND";;"Brigitte";;"de se prémunir d'une mauvaise consolidation des parc par RFORCE (parc Mobile Open MAIS pas de parc Home Open)
Cf dernière version du fichier casGestion_messagesAccueil_xx.xls";"Soft";3;3;;;;;;;;"finLigne"
0405;"A prio";"Story";"Retour prod";"P2";;"En guideline CHORUS, bloquer la commande si on ne récupère pas l'OT future (commande mobile) du client";;"Didier / Brigitte";;"defect à vérifier?";"SOFT";5;5;;"http://10.101.12.160:8081/FrontPage.PriseCommandeQuad.NouveauMsgErreurRecupCmdMobileChorus ";;;;;;"finLigne"
0523;"A prio";"Story";"COSI: Etape Open 1014
DM 12-008";"P4.2";;"DM1 COSI Etape A - Transmettre le code EAN13 du PCM à OPAL";"Afin de ne plus gérer l'identifiant interne spécifique à OPAL, mais uniquement le code EAN13 du référentiel des terminaux CALIPSO";"Brigitte";"en même temps ou avant Façade (le soa doit être alimenté). A faire avant mi-oct.";"EAN13

S'appuit sur la solution cible avec reprise IHM ACT COSI Etape A
- ajout d'un attribut sur le ProductService terminaux mobiles ""PSTEVOIX""
le code EAN13 est à récupéré du COQ de OPAL (ResourceSpecCharValue.characteristicValue)
Opal arrivera le 26/06";"SOFT,CATALOGUE,FACADE";5;5;;"http://10.101.12.160:8081/FrontPage.PriseCommandeQuad.QuadLot3.ValorisationInfosProductServicePcm";;;;;;"finLigne"
0593;"A prio";"Story";"COSI B: DM 12-063-lot2";"P4.1";;"lien vers ACT:
supprimer les lien lorsqu'on est en ""mode dégradé"" COSI Etape A";;;;;"Soft";3;3;;;;;;;;"finLigne"
0684;"A prio";"Story";"DM 12-211-Projet 4G - évolution parcours";;;"4G:
Sur les parcours d'acquisition/migration, faire en sorte que, si un code So est présent 2 fois (ex: option musique), ce code ne soit envoyé qu'une fois dans la requête LoveOrange de compatibilité Teminal/offre/Option";;;;;"Soft";"3 ou 5";"3 ou 5";;"http://dvedv914.intranet-paris.francetelecom.fr:8081/FrontPage.PriseCommandeQuad.QuadLot3.ControleCompatibiliteTerminalCommandeMobile";;;;;;"finLigne"
830;"A prio";;"COSI C: DM 12-204";;;"Lot 2 -  Déménagement - option ""pack déménagement""";"Déménagement - option ""pack déménagement""";"Christophe";;"Impact catalogue uniquement";;;;;"Catalogue ID 216";;;;;;"finLigne"
832;"A prio";;"COSI C: DM 12-204";;;"Lot 3 -  Envoi des correspondances mobiles à Scribe";"Envoi des correspondances mobiles à Scribe";"Christophe";;;;;;;;;;;;;"finLigne"
0857;"A prio";"Story";"Perform";;;"Remplacer systématiquement appel ACT dans onglet Terminaux par appel à Castor-Terminaux via icon
";;"Xavier";;;;55;55;;;"Appel ACT:
http://dvdsi400w.intranet-paris.francetelecom.fr:8083/FrontPage.PriseCommandeQuad.QuadLot3.AppelerUrlAct
Retour ACT:
http://dvdsi400w.intranet-paris.francetelecom.fr:8083/FrontPage.PriseCommandeQuad.QuadLot3.ValorisationInfosPcm";;;;;"finLigne"
"#";"en attente
gelé";"it.";;"pas de N° itération";;"ITERATION en attente
gelé";;" ";;;;151;130;21;;;0;;;;"finLigne"
0925;"en attente
gelé";"Story";"Perform";"P1";;"Clé de lettrage - Boutique(Distribution) acquisition/fidelisation:
Réception de nouveaux paramètres d'URL:

Soft vérifie la valeur du paramètre d’url COD_ENSEIGNE :
- Si COD_ENSEIGNE = MOBISTORE
o Soft concatène le code MOB + la date de la commande
o Soft envoie cette clef de lettrage dans le CCO FACADE
- Si COD_ENSEIGNE = PSEAVAILA2
o Soft concatène le code GDT + la date de la commande
o Soft envoie cette clef de lettrage dans le CCO FACADE
- Si COD_ENSEIGNE différent de MOBISTORE, différent de PSEAVAILA2 et non vide
o Soft concatène le code RMO + la date de la commande
o Soft envoie cette clef de lettrage dans le CCO FACADE
Si COD_ENSEIGNE = vide
- Soft vérifie la valeur du paramètre d’url COD_AGENCE (code AD + CU-ID) :
o Si le paramètre est renseigné, Soft tronque le code reçu pour ne garder que les 3 premiers caractères
 Soft concatène le code déterminé précédemment + la date de la commande
 Soft envoie cette clef de lettrage dans le CCO FACADE
o Si le paramètre n’est pas renseigné, Soft ne valorise pas la balise du CCO Facade

OU

Soft transmet à Facade soit le COD_ENSEIGNE, soit le COD_AGENCE sans traitement
";;"Xavier";;;"Soft";"8

OU

3";"8

OU

3";;"Story catalogue à prévoir?
Ajout d'un attribut à O_Terminal pour véhiculer la clef de lettrage";;;;;;"finLigne"
1077;"en attente
gelé";"Story";"Perform";;;"Perform
En commande convergente, si aucune modification n'a été apportée dans les play Internet, ne pas afficher le bloc de Livraison de la commande Internet (DLIS) ni appeler le CCODD de DLIS

Règles actuelles:
Pas d'affichage si:
* Univers Mobile ou Multi-Equipement
* Opération de Terminal Acquisition avec un contract convergent et en univers convergent
* droitDlis + opération sur le Hardware ne doit pas être REEXPEDITION

Nouvelles règles:
Pas d'affichage si:
* Univers Mobile ou Multi-Equipement
* Univers Convergent: Aucune action sur les play Internet (Terminal seul, modification d'offre sans action sur la partie MS,...)
* droitDlis + opération sur le Hardware ne doit pas être REEXPEDITION

annulée car en attente d'une dde dévolution coté DLIS
";"Ne pas parler de livraison Internet s'il n'y en a pas";"Xavier/Stephanie";"Commande convergente + DroitDLIS = true:
* Double acquisition OU NA Home + client Mobile => Open: affichage du bloc
* Client MS + NA mobile OU double migration => Open: affichage du bloc
* Modification OU Déménagement iso-offre avec modification de la partie Internet: affichage du bloc
* Modification OU Déménagement iso-offre sans modification de la partie Internet: pas d'affichage du bloc
* Déménagement avec changement d'offre: affichage du bloc
* Terminal seul: pas d'affichage du bloc


Commande mobile: 
* Tout acte de gestion: Pas d'affichage du bloc

+ non reg sur univers Internet, ChoixBO et Multi-équipement";;;8;8;;;"http://dvdsi400w.intranet-paris.francetelecom.fr:8083/FrontPage.SoftHome.AfficherDelaiLivraison";;;;;"finLigne"
0912;"en attente
gelé";"Story";"Perform";"30/12/99";;"Clé de lettrage - Boutique(Distribution) acquisition/fidelisation:
Réception de nouveaux paramètres d'URL:

Soft vérifie la valeur du paramètre d’url COD_ENSEIGNE :
- Si COD_ENSEIGNE = MOBISTORE
o Soft concatène le code MOB + la date de la commande
o Soft envoie cette clef de lettrage dans le CCO FACADE
- Si COD_ENSEIGNE = PSEAVAILA2
o Soft concatène le code GDT + la date de la commande
o Soft envoie cette clef de lettrage dans le CCO FACADE
- Si COD_ENSEIGNE différent de MOBISTORE, différent de PSEAVAILA2 et non vide
o Soft concatène le code RMO + la date de la commande
o Soft envoie cette clef de lettrage dans le CCO FACADE
Si COD_ENSEIGNE = vide
- Soft vérifie la valeur du paramètre d’url COD_AGENCE (code AD + CU-ID) :
o Si le paramètre est renseigné, Soft tronque le code reçu pour ne garder que les 3 premiers caractères
 Soft concatène le code déterminé précédemment + la date de la commande
 Soft envoie cette clef de lettrage dans le CCO FACADE
o Si le paramètre n’est pas renseigné, Soft ne valorise pas la balise du CCO Facade

OU

Soft transmet à Facade soit le COD_ENSEIGNE, soit le COD_AGENCE sans traitement";;"Christophe";;"
Q : ";"Soft";1;1;;;;;;;;"finLigne"
0817;"en attente
gelé";"Story";"Frais changement d'offre (13-016)";"#N/A";;"Gestion de la date de DRE";"doublon de story";"didier";;"
Q : ";"Soft";8;8;;;;;;;;"finLigne"
815;"en attente
gelé";"Story";"COSI C: DM 12-204";;;"Lot 2 - Transmettre au configurateur un indicateur de parcours COSI S2D0";"Lot 2 - Transmettre au configurateur un indicateur de parcours COSI S2D0";"Christophe";"En accès TEL via R-Force, si Soft rencontre des problèmes de remontée du client ou du parc, alors on ne lui proposera pas le ""formulaire eTask"" mais ""opération non autorisée""";;;5;5;;;0;;;;;"finLigne"
760;"en attente
gelé";;"COSI C: DM 12-204";;;"Lot 2- Renouvellement Carte SIM : 
en tant que 1014 et 700, laisser le choix au client de renouveller sa carte SIM";;"Christophe";"Lors d'une acquisition OPEN, ne plus pré-remplir le N° de contact de suivi commande avec le N° de contact de l'écran ""Information pour la création du client""";"en fonction du budget";;13;13;;;;;;;;"finLigne"
778;"en attente
gelé";;"COSI C: DM 12-204";;;"Renouvellement Carte SIM : 
en tant que 1014 et 700, laisser le choix au client de renouveler sa carte SIM";;"Christophe/Didier";;"item odebi prévu en ité 8 ou 9
doublon avec la 760 - mis à 13";;0;0;;;;;;;;"finLigne"
749;"en attente
gelé";;"COSI C: DM 12-204";;;"Lot 2- Laisser la possibilité de positionner un SO post Jfac au 1014 et au 700";;;"Lors d'une acquisition OPEN, ne plus pré-remplir le N° de contact de suivi commande avec le N° de contact de l'écran ""Information pour la création du client""";"en fonction du budget
vérifier le contrôle sur la date effectué par soft";;13;13;;;;;;;;"finLigne"
775;"en attente
gelé";"Story";"COSI C: DM 12-204";;;"Lot 1- Multi-sim: 
en tant que 1014 et 700, avoir l'adresse de facturation mobile affichée sur l'écran d'accueil et le détail du parc.";;"Christophe";;"en étude suite atelier métier du 15/10 (robot)
18/11: sujet sorti de la PS par Cosi (plus d'acquisition de CS sur un dem.)";;21;21;;;;;;;;"finLigne"
706;"en attente
gelé";;"COSI C: DM 12-204";;;"Mise à jour de l'injecteur :
avec  les coordonnées bancaires (attention à la fact. Électronique et les règles ctalogue)";;;;;;8;8;;"http://dvdsi400w.intranet-paris.francetelecom.fr:8083/FrontPage.PriseCommandeQuad.QuadLot3.AfficherParcDetailleClient";;;;;;"finLigne"
696;"en attente
gelé";;"COSI C: DM 12-204";;;"Paiement:
Permettre de modifier le mode de paiement et les coordonnées bancaires du client";;"Didier";;;;21;0;"Façade";"Récupérer mode de paiement : http://dvdsi400w.intranet-paris.francetelecom.fr:8083/FrontPage.SoftHome.RecupModePaiementContratSource

Bloc de paiement :
http://dvdsi400w.intranet-paris.francetelecom.fr:8083/FrontPage.SoftHome.SaisieModePaiementContratCible";;;;;;"finLigne"
690;"en attente
gelé";;"COSI C: DM 12-204";;;"Compatibilité love orange
transmettre un % de compatibilité avec les offres et love Orange ";;;"à déprioriser?";;;8;8;;;;;;;;"finLigne"
712;"en attente
gelé";;"COSI C: DM 12-204";;;"retirer le message d'interdiction de positionnement post J fact";;;;"21/06 : en attente décision palier pour dégel";;13;13;;;;;;;;"finLigne"
692;"en attente
gelé";;"COSI C: DM 12-204";;;"Numéros préférés: ";;;;"21/06 : en attente décision palier pour dégel";;13;13;;;;;;;;"finLigne"
0656;"en attente
gelé";"Story";"COSI C: DM 12-204";"P4";;"info. Bulle";;"Didier";"process à mettre en place (Julien?)
réunion à organiser MBI?
";"21/06 : en attente décision palier pour dégel";;8;8;;;;;;;;"finLigne"
0644;"en attente
gelé";"Story";"Amélioration de la GL";"P4";;"Si, lors de l'identification client via un ND et un MSISDN, FACADE détecte que le ND correspond à un parc Open et que le MSISDN du parc ""home"" Open ne correspond pas, FACADE remonte un legacyWarning 1 et remonte le parc Open qui correspond au MSISDN de la partie ""home"". En cas de poursuite de la commande, Soft DOIT prendre en compte le MSISDN remonté par FACADE en lieu et place du MSISDN saisi";"de corriger les erreurs de  frappe du MSISDN (s'il y a un autre MSISDN qui n'est pas lié au nd)";"Didier";;"ANO. ?";;3;3;;;;;;;;"finLigne"
623;"en attente
gelé";"Story";"Amélioration de la GL";"#N/A";;"Lors de la prise de commande ""Mobile"", si le MSISDN ne peut pas être récupéré de IODA, ne pas permettre la poursuite de la commande (en Guide line)";"Le vendeur ne puisse pas continuer sa prise de commande (avec FRODON dans certains cas) dans SOFT alors que la commande ne pourra pas être envoyée en livraison sans N° de mobile (seul le N° ADV est fourni à Parsifal et en plus, dans la majorité des cas, ce N° ADV ne sera pas conservé puisque la partie mobile doit être refaite avec un nouveau N° ADV)

<=> quand il y a eu un pb d'attribution sur le msisdn à l'étape 2 de la commande.";"Xavier";;;;8;8;;"http://dvedv914.intranet-paris.francetelecom.fr:8081/FrontPage.PriseCommandeQuad.AideRealisation.CommandeMobileIodaDansAgc";;;;;;"finLigne"
780;"en attente
gelé";"Story";"Amélioration de la GL";;;"A conditionner par le droit DroitNewGuideline
Pour une connexion internet ou intranet:
Pour les canaux nécessitant d’être éligible au PCM (canal RC) pour pouvoir effectuer une migration
- Nouvel appel à OPAL et blocage du parcours si le client est inéligible au PCM pour l’offre sélectionnée
";;"Xavier";"Pour une connexion internet ou intranet:";"En stand-by";;;0;;;;;;;;"finLigne"
793;"en attente
gelé";"Story";"Amélioration de la GL";;;"A conditionner par le droit DroitNewGuideline
Affichage des frais de migration (frais fixes ou frais variables)";;"Xavier";;;;;0;;;;;;;;"finLigne"
778;"en attente
gelé";"Story";"Amélioration de la GL";;;"Accueil
A conditionner par le droit DroitNewGuideline
Appel de FACADE PARC sur saisie du ND avec un flag « convergent » pour que Facade en cas de parc Open remonte aussi la partie mobile
En cas de parc Open, valoriser le MSISDN et afficher le parc
";;"Xavier";"Pour une connexion internet ou intranet:";"En stand-by";;;0;;;;;;;;"finLigne"
"#";"abandonnée";"it.";;"pas de N° itération";;"ITERATION abandonnée";;" ";;;;76;73;3;;;0;;;;"finLigne"
0791;"abandonnée";"Story";"DM 13-115 Soft N2 - Pass Cumulables";;;"Marge";;"Christophe";;;;5;5;;;;;;;;"finLigne"
890;"abandonnée";"Déléguée";;;;"Ne pas proposer le mode de paiement par chèque des frais ponctuels en Vente à distance (700 - COSI S2D0 et 1014), lors de l'acquisition / migration d'une offre Open.";;"Carole";"Dans les 2 cas suivants :
   . Migration internet (+ acquisition mobile) vers Open
   . Acquisition internet (+acquisition mobile) vers Open

En tant que vendeur au 700 (COSI S2D0) et au 1014, le mode de paiement par chèque des frais ponctuels (sim à 1€, terminal mobile, matériel MS envoyés par VAD, frais de mise en service multisim, frais d'envoi chronopost) ne doit pas être proposé au client";"Story déléguée à Home";;0;;;;"http://dvdsi400w.intranet-paris.francetelecom.fr:8083/FrontPage.SoftHome.GererMatriceDesDroitsParCanal

http://dvdsi400w.intranet-paris.francetelecom.fr:8083/FrontPage.SoftHome.PaiementMobile";;;;;"finLigne"
0814;9;"Story";"Amélioration de la GL";"#N/A";;"marge";;;;"
Q : ";"Soft";13;13;;;;;;;;"finLigne"
0850;9;"Story";"DM1 13-XXX OpenFibre en PAP";;;"Affichage: Changer le mode de paiement recommandé (chèque => CB)";;"Xavier";;;;3;;;;"http://dvdsi400w.intranet-paris.francetelecom.fr:8083/FrontPage.SoftHome.PaiementMobile";;;;;"finLigne"
694;9;;"COSI C: DM 12-204";;;"FMO:  pas assez d'info. 
";;;;;;34;34;;;;;;;;"finLigne"
786;9;"Story";"COSI C: DM 12-204";;;"Lot1- Multi-sim: 
passage du gratuit au payant";;"Christophe/Didier";;"impact uniquement Façade et catalogue";;0;0;;;;;;;;"finLigne"
825;9;"Story";"Intégration du VDSL sur les offres Myrtille";"P1";;"Ne jamais afficher le picto Multi-écran pour les offres Sosh Mobile + Livebox (OC…201)";;"Xavier";;;;;;;;"http://dvdsi400w.intranet-paris.francetelecom.fr:8083/FrontPage.SoftHome.AffichageDesContrats";;;;;"finLigne"
775;9;"Story";"COSI C: DM 12-204";;;"Lot 1- Multi-sim: 
en tant que 1014 et 700, avoir l'adresse de facturation mobile affichée sur l'écran d'accueil et le détail du parc.";;"Christophe";;"en étude suite atelier métier du 15/10 (robot)
18/11: sujet sorti de la PS par Cosi (plus d'acquisition de CS sur un dem.)";;21;21;;;;;;;;"finLigne"
907;9;"Story";"Amélioration de la GL";"P1";;"Envoyer la note QUAD_VAD sauf en Guideline POCD et en Guideline Chorus";"Eviter la reprise des commandes en BO";"Xavier";"Pour toute commande en Nouvelle Guideline POCD, constater qu'il n'y a pas de note QUAD_VAD en cas d'acquisition mobile";"STORY DOUBLON DE LA 904";;;;;;"http://dvdsi400w.intranet-paris.francetelecom.fr:8083/FrontPage.SoftHome.GenerationNotes";;;;;"finLigne"
"#";"modèle";"it.";;"pas de N° itération";;"ITERATION modèle";;" ";;;;0;0;0;;;0;;;;"finLigne"
"Q999";"modèle";"délégué";"Retour prod";"S.O.";;"story réalisée pour le compte d'une autre Team : commencer par lettre de laTeam origine";;;;"
Q : ";"Soft";0;0;;;;;;;;"finLigne"
"z00";"modèle";"marge saisie";"Retour prod";"S.O.";;"marge manuelle  = story dont le N° commence par z";;;15;;"Soft";0;0;;;;;;;;"finLigne"
"#";"fin BL calculé";"it.";;"pas de N° itération";;"ITERATION fin BL calculé";;" ";;;;"#N/A";"#N/A";"#N/A";;;"#N/A";;;;"finLigne"
;;;;;;;;;;;;;"#REF!";;;;;;;;
